{
  "/reserve.php-33" : {
    "transaction" : "/reserve.php-33",
    "sampleCount" : 2,
    "errorCount" : 0,
    "errorPct" : 0.0,
    "meanResTime" : 887.0,
    "medianResTime" : 887.0,
    "minResTime" : 795.0,
    "maxResTime" : 979.0,
    "pct1ResTime" : 979.0,
    "pct2ResTime" : 979.0,
    "pct3ResTime" : 979.0,
    "throughput" : 0.007893033608537105,
    "receivedKBytesPerSec" : 0.01880761914534232,
    "sentKBytesPerSec" : 0.004956270127235702
  },
  "Total" : {
    "transaction" : "Total",
    "sampleCount" : 6,
    "errorCount" : 0,
    "errorPct" : 0.0,
    "meanResTime" : 495.16666666666663,
    "medianResTime" : 301.5,
    "minResTime" : 296.0,
    "maxResTime" : 979.0,
    "pct1ResTime" : 979.0,
    "pct2ResTime" : 979.0,
    "pct3ResTime" : 979.0,
    "throughput" : 0.023505353344224145,
    "receivedKBytesPerSec" : 0.05602797847105512,
    "sentKBytesPerSec" : 0.01658076194561645
  },
  "/confirmation.php-41" : {
    "transaction" : "/confirmation.php-41",
    "sampleCount" : 2,
    "errorCount" : 0,
    "errorPct" : 0.0,
    "meanResTime" : 298.5,
    "medianResTime" : 298.5,
    "minResTime" : 298.0,
    "maxResTime" : 299.0,
    "pct1ResTime" : 299.0,
    "pct2ResTime" : 299.0,
    "pct3ResTime" : 299.0,
    "throughput" : 0.007953899200235435,
    "receivedKBytesPerSec" : 0.018513787835704256,
    "sentKBytesPerSec" : 0.006392635783001721
  },
  "/purchase.php-37" : {
    "transaction" : "/purchase.php-37",
    "sampleCount" : 2,
    "errorCount" : 0,
    "errorPct" : 0.0,
    "meanResTime" : 300.0,
    "medianResTime" : 300.0,
    "minResTime" : 296.0,
    "maxResTime" : 304.0,
    "pct1ResTime" : 304.0,
    "pct2ResTime" : 304.0,
    "pct3ResTime" : 304.0,
    "throughput" : 0.007946283126067781,
    "receivedKBytesPerSec" : 0.01939234524613612,
    "sentKBytesPerSec" : 0.005439789522825698
  }
}